{
  "id": "4482a975-0bc9-4a3f-a849-3a8ffdd9b486",
  "prevId": "00000000-0000-0000-0000-000000000000",
  "version": "7",
  "dialect": "postgresql",
  "tables": {
    "public.bookings": {
      "name": "bookings",
      "schema": "",
      "columns": {
        "id": {
          "name": "id",
          "type": "uuid",
          "primaryKey": true,
          "notNull": true,
          "default": "gen_random_uuid()"
        },
        "room_id": {
          "name": "room_id",
          "type": "uuid",
          "primaryKey": false,
          "notNull": false
        },
        "guest_name": {
          "name": "guest_name",
          "type": "varchar(255)",
          "primaryKey": false,
          "notNull": true
        },
        "guest_email": {
          "name": "guest_email",
          "type": "varchar(255)",
          "primaryKey": false,
          "notNull": true
        },
        "check_in": {
          "name": "check_in",
          "type": "timestamp",
          "primaryKey": false,
          "notNull": true
        },
        "check_out": {
          "name": "check_out",
          "type": "timestamp",
          "primaryKey": false,
          "notNull": true
        },
        "total_price": {
          "name": "total_price",
          "type": "numeric(10, 2)",
          "primaryKey": false,
          "notNull": true
        },
        "payment_status": {
          "name": "payment_status",
          "type": "varchar(50)",
          "primaryKey": false,
          "notNull": false,
          "default": "'pending'"
        },
        "stripe_session_id": {
          "name": "stripe_session_id",
          "type": "varchar(255)",
          "primaryKey": false,
          "notNull": false
        },
        "created_at": {
          "name": "created_at",
          "type": "timestamp",
          "primaryKey": false,
          "notNull": false,
          "default": "now()"
        },
        "updated_at": {
          "name": "updated_at",
          "type": "timestamp",
          "primaryKey": false,
          "notNull": false,
          "default": "now()"
        }
      },
      "indexes": {},
      "foreignKeys": {
        "bookings_room_id_rooms_id_fk": {
          "name": "bookings_room_id_rooms_id_fk",
          "tableFrom": "bookings",
          "tableTo": "rooms",
          "columnsFrom": [
            "room_id"
          ],
          "columnsTo": [
            "id"
          ],
          "onDelete": "no action",
          "onUpdate": "no action"
        }
      },
      "compositePrimaryKeys": {},
      "uniqueConstraints": {},
      "policies": {},
      "checkConstraints": {},
      "isRLSEnabled": false
    },
    "public.rooms": {
      "name": "rooms",
      "schema": "",
      "columns": {
        "id": {
          "name": "id",
          "type": "uuid",
          "primaryKey": true,
          "notNull": true,
          "default": "gen_random_uuid()"
        },
        "name": {
          "name": "name",
          "type": "varchar(255)",
          "primaryKey": false,
          "notNull": true
        },
        "description": {
          "name": "description",
          "type": "varchar(1000)",
          "primaryKey": false,
          "notNull": false
        },
        "price_per_night": {
          "name": "price_per_night",
          "type": "numeric(10, 2)",
          "primaryKey": false,
          "notNull": true
        },
        "capacity": {
          "name": "capacity",
          "type": "numeric",
          "primaryKey": false,
          "notNull": true
        },
        "created_at": {
          "name": "created_at",
          "type": "timestamp",
          "primaryKey": false,
          "notNull": false,
          "default": "now()"
        },
        "updated_at": {
          "name": "updated_at",
          "type": "timestamp",
          "primaryKey": false,
          "notNull": false,
          "default": "now()"
        }
      },
      "indexes": {},
      "foreignKeys": {},
      "compositePrimaryKeys": {},
      "uniqueConstraints": {},
      "policies": {},
      "checkConstraints": {},
      "isRLSEnabled": false
    }
  },
  "enums": {},
  "schemas": {},
  "sequences": {},
  "roles": {},
  "policies": {},
  "views": {},
  "_meta": {
    "columns": {},
    "schemas": {},
    "tables": {}
  }
}