{
  "id": "6abfbf4e-482e-48bd-8769-7451fd188b1f",
  "prevId": "e1bd62f8-2c9f-4ab7-a098-e552611cfe4d",
  "version": "7",
  "dialect": "postgresql",
  "tables": {
    "public.bookings": {
      "name": "bookings",
      "schema": "",
      "columns": {
        "id": {
          "name": "id",
          "type": "uuid",
          "primaryKey": true,
          "notNull": true,
          "default": "gen_random_uuid()"
        },
        "room_id": {
          "name": "room_id",
          "type": "uuid",
          "primaryKey": false,
          "notNull": true
        },
        "guest_name": {
          "name": "guest_name",
          "type": "varchar(255)",
          "primaryKey": false,
          "notNull": true
        },
        "guest_email": {
          "name": "guest_email",
          "type": "varchar(255)",
          "primaryKey": false,
          "notNull": true
        },
        "check_in": {
          "name": "check_in",
          "type": "timestamp",
          "primaryKey": false,
          "notNull": true
        },
        "check_out": {
          "name": "check_out",
          "type": "timestamp",
          "primaryKey": false,
          "notNull": true
        },
        "total_price": {
          "name": "total_price",
          "type": "numeric(10, 2)",
          "primaryKey": false,
          "notNull": true
        },
        "number_of_guests": {
          "name": "number_of_guests",
          "type": "integer",
          "primaryKey": false,
          "notNull": true
        },
        "special_requests": {
          "name": "special_requests",
          "type": "varchar(1000)",
          "primaryKey": false,
          "notNull": false
        },
        "payment_status": {
          "name": "payment_status",
          "type": "varchar(50)",
          "primaryKey": false,
          "notNull": false,
          "default": "'pending'"
        },
        "stripe_session_id": {
          "name": "stripe_session_id",
          "type": "varchar(255)",
          "primaryKey": false,
          "notNull": false
        },
        "created_at": {
          "name": "created_at",
          "type": "timestamp",
          "primaryKey": false,
          "notNull": false,
          "default": "now()"
        },
        "updated_at": {
          "name": "updated_at",
          "type": "timestamp",
          "primaryKey": false,
          "notNull": false,
          "default": "now()"
        }
      },
      "indexes": {},
      "foreignKeys": {
        "bookings_room_id_rooms_id_fk": {
          "name": "bookings_room_id_rooms_id_fk",
          "tableFrom": "bookings",
          "tableTo": "rooms",
          "columnsFrom": [
            "room_id"
          ],
          "columnsTo": [
            "id"
          ],
          "onDelete": "no action",
          "onUpdate": "no action"
        }
      },
      "compositePrimaryKeys": {},
      "uniqueConstraints": {},
      "policies": {},
      "checkConstraints": {},
      "isRLSEnabled": false
    },
    "public.customers": {
      "name": "customers",
      "schema": "",
      "columns": {
        "id": {
          "name": "id",
          "type": "uuid",
          "primaryKey": true,
          "notNull": true,
          "default": "gen_random_uuid()"
        },
        "name": {
          "name": "name",
          "type": "varchar(255)",
          "primaryKey": false,
          "notNull": true
        },
        "email": {
          "name": "email",
          "type": "varchar(255)",
          "primaryKey": false,
          "notNull": true
        },
        "phone": {
          "name": "phone",
          "type": "varchar(50)",
          "primaryKey": false,
          "notNull": false
        },
        "address": {
          "name": "address",
          "type": "varchar(1000)",
          "primaryKey": false,
          "notNull": false
        },
        "id_number": {
          "name": "id_number",
          "type": "varchar(100)",
          "primaryKey": false,
          "notNull": false
        },
        "id_type": {
          "name": "id_type",
          "type": "varchar(50)",
          "primaryKey": false,
          "notNull": false
        },
        "created_at": {
          "name": "created_at",
          "type": "timestamp",
          "primaryKey": false,
          "notNull": false,
          "default": "now()"
        },
        "updated_at": {
          "name": "updated_at",
          "type": "timestamp",
          "primaryKey": false,
          "notNull": false,
          "default": "now()"
        }
      },
      "indexes": {},
      "foreignKeys": {},
      "compositePrimaryKeys": {},
      "uniqueConstraints": {
        "customers_email_unique": {
          "name": "customers_email_unique",
          "nullsNotDistinct": false,
          "columns": [
            "email"
          ]
        }
      },
      "policies": {},
      "checkConstraints": {},
      "isRLSEnabled": false
    },
    "public.facilities": {
      "name": "facilities",
      "schema": "",
      "columns": {
        "id": {
          "name": "id",
          "type": "uuid",
          "primaryKey": true,
          "notNull": true,
          "default": "gen_random_uuid()"
        },
        "name": {
          "name": "name",
          "type": "varchar(255)",
          "primaryKey": false,
          "notNull": true
        },
        "description": {
          "name": "description",
          "type": "varchar(1000)",
          "primaryKey": false,
          "notNull": false
        },
        "created_at": {
          "name": "created_at",
          "type": "timestamp",
          "primaryKey": false,
          "notNull": false,
          "default": "now()"
        },
        "updated_at": {
          "name": "updated_at",
          "type": "timestamp",
          "primaryKey": false,
          "notNull": false,
          "default": "now()"
        }
      },
      "indexes": {},
      "foreignKeys": {},
      "compositePrimaryKeys": {},
      "uniqueConstraints": {},
      "policies": {},
      "checkConstraints": {},
      "isRLSEnabled": false
    },
    "public.rooms": {
      "name": "rooms",
      "schema": "",
      "columns": {
        "id": {
          "name": "id",
          "type": "uuid",
          "primaryKey": true,
          "notNull": true,
          "default": "gen_random_uuid()"
        },
        "name": {
          "name": "name",
          "type": "varchar(255)",
          "primaryKey": false,
          "notNull": true
        },
        "description": {
          "name": "description",
          "type": "varchar(1000)",
          "primaryKey": false,
          "notNull": false
        },
        "price_per_night": {
          "name": "price_per_night",
          "type": "numeric(10, 2)",
          "primaryKey": false,
          "notNull": true
        },
        "capacity": {
          "name": "capacity",
          "type": "numeric",
          "primaryKey": false,
          "notNull": true
        },
        "facilities": {
          "name": "facilities",
          "type": "jsonb",
          "primaryKey": false,
          "notNull": true
        },
        "is_available": {
          "name": "is_available",
          "type": "boolean",
          "primaryKey": false,
          "notNull": false,
          "default": true
        },
        "room_number": {
          "name": "room_number",
          "type": "varchar(50)",
          "primaryKey": false,
          "notNull": true
        },
        "floor_number": {
          "name": "floor_number",
          "type": "varchar(10)",
          "primaryKey": false,
          "notNull": true
        },
        "created_at": {
          "name": "created_at",
          "type": "timestamp",
          "primaryKey": false,
          "notNull": false,
          "default": "now()"
        },
        "updated_at": {
          "name": "updated_at",
          "type": "timestamp",
          "primaryKey": false,
          "notNull": false,
          "default": "now()"
        }
      },
      "indexes": {},
      "foreignKeys": {},
      "compositePrimaryKeys": {},
      "uniqueConstraints": {},
      "policies": {},
      "checkConstraints": {},
      "isRLSEnabled": false
    }
  },
  "enums": {},
  "schemas": {},
  "sequences": {},
  "roles": {},
  "policies": {},
  "views": {},
  "_meta": {
    "columns": {},
    "schemas": {},
    "tables": {}
  }
}