{
  "version": "7",
  "dialect": "postgresql",
  "entries": [
    {
      "idx": 0,
      "version": "7",
      "when": 1735574334521,
      "tag": "0000_rich_squadron_supreme",
      "breakpoints": true
    },
    {
      "idx": 1,
      "version": "7",
      "when": 1735735930259,
      "tag": "0001_cooing_bug",
      "breakpoints": true
    },
    {
      "idx": 2,
      "version": "7",
      "when": 1735739623173,
      "tag": "0002_tricky_molecule_man",
      "breakpoints": true
    }
  ]
}